--
-- PostgreSQL database dump
--

-- Dumped from database version 10.7 (Debian 10.7-1.pgdg90+1)
-- Dumped by pg_dump version 10.7 (Debian 10.7-1.pgdg90+1)

SET statement_timeout = 0;
SET lock_timeout = 0;
SET idle_in_transaction_session_timeout = 0;
SET client_encoding = 'UTF8';
SET standard_conforming_strings = on;
SELECT pg_catalog.set_config('search_path', '', false);
SET check_function_bodies = false;
SET client_min_messages = warning;
SET row_security = off;

--
-- Name: tiger; Type: SCHEMA; Schema: -; Owner: postgres
--

CREATE SCHEMA tiger;


ALTER SCHEMA tiger OWNER TO postgres;

--
-- Name: tiger_data; Type: SCHEMA; Schema: -; Owner: postgres
--

CREATE SCHEMA tiger_data;


ALTER SCHEMA tiger_data OWNER TO postgres;

--
-- Name: topology; Type: SCHEMA; Schema: -; Owner: postgres
--

CREATE SCHEMA topology;


ALTER SCHEMA topology OWNER TO postgres;

--
-- Name: SCHEMA topology; Type: COMMENT; Schema: -; Owner: postgres
--

COMMENT ON SCHEMA topology IS 'PostGIS Topology schema';


--
-- Name: plpgsql; Type: EXTENSION; Schema: -; Owner: 
--

CREATE EXTENSION IF NOT EXISTS plpgsql WITH SCHEMA pg_catalog;


--
-- Name: EXTENSION plpgsql; Type: COMMENT; Schema: -; Owner: 
--

COMMENT ON EXTENSION plpgsql IS 'PL/pgSQL procedural language';


--
-- Name: fuzzystrmatch; Type: EXTENSION; Schema: -; Owner: 
--

CREATE EXTENSION IF NOT EXISTS fuzzystrmatch WITH SCHEMA public;


--
-- Name: EXTENSION fuzzystrmatch; Type: COMMENT; Schema: -; Owner: 
--

COMMENT ON EXTENSION fuzzystrmatch IS 'determine similarities and distance between strings';


--
-- Name: postgis; Type: EXTENSION; Schema: -; Owner: 
--

CREATE EXTENSION IF NOT EXISTS postgis WITH SCHEMA public;


--
-- Name: EXTENSION postgis; Type: COMMENT; Schema: -; Owner: 
--

COMMENT ON EXTENSION postgis IS 'PostGIS geometry, geography, and raster spatial types and functions';


--
-- Name: postgis_tiger_geocoder; Type: EXTENSION; Schema: -; Owner: 
--

CREATE EXTENSION IF NOT EXISTS postgis_tiger_geocoder WITH SCHEMA tiger;


--
-- Name: EXTENSION postgis_tiger_geocoder; Type: COMMENT; Schema: -; Owner: 
--

COMMENT ON EXTENSION postgis_tiger_geocoder IS 'PostGIS tiger geocoder and reverse geocoder';


--
-- Name: postgis_topology; Type: EXTENSION; Schema: -; Owner: 
--

CREATE EXTENSION IF NOT EXISTS postgis_topology WITH SCHEMA topology;


--
-- Name: EXTENSION postgis_topology; Type: COMMENT; Schema: -; Owner: 
--

COMMENT ON EXTENSION postgis_topology IS 'PostGIS topology spatial types and functions';


SET default_tablespace = '';

SET default_with_oids = false;

--
-- Name: account_emailaddress; Type: TABLE; Schema: public; Owner: postgres
--

CREATE TABLE public.account_emailaddress (
    id integer NOT NULL,
    email character varying(254) NOT NULL,
    verified boolean NOT NULL,
    "primary" boolean NOT NULL,
    user_id integer NOT NULL
);


ALTER TABLE public.account_emailaddress OWNER TO postgres;

--
-- Name: account_emailaddress_id_seq; Type: SEQUENCE; Schema: public; Owner: postgres
--

CREATE SEQUENCE public.account_emailaddress_id_seq
    AS integer
    START WITH 1
    INCREMENT BY 1
    NO MINVALUE
    NO MAXVALUE
    CACHE 1;


ALTER TABLE public.account_emailaddress_id_seq OWNER TO postgres;

--
-- Name: account_emailaddress_id_seq; Type: SEQUENCE OWNED BY; Schema: public; Owner: postgres
--

ALTER SEQUENCE public.account_emailaddress_id_seq OWNED BY public.account_emailaddress.id;


--
-- Name: account_emailconfirmation; Type: TABLE; Schema: public; Owner: postgres
--

CREATE TABLE public.account_emailconfirmation (
    id integer NOT NULL,
    created timestamp with time zone NOT NULL,
    sent timestamp with time zone,
    key character varying(64) NOT NULL,
    email_address_id integer NOT NULL
);


ALTER TABLE public.account_emailconfirmation OWNER TO postgres;

--
-- Name: account_emailconfirmation_id_seq; Type: SEQUENCE; Schema: public; Owner: postgres
--

CREATE SEQUENCE public.account_emailconfirmation_id_seq
    AS integer
    START WITH 1
    INCREMENT BY 1
    NO MINVALUE
    NO MAXVALUE
    CACHE 1;


ALTER TABLE public.account_emailconfirmation_id_seq OWNER TO postgres;

--
-- Name: account_emailconfirmation_id_seq; Type: SEQUENCE OWNED BY; Schema: public; Owner: postgres
--

ALTER SEQUENCE public.account_emailconfirmation_id_seq OWNED BY public.account_emailconfirmation.id;


--
-- Name: auth_group; Type: TABLE; Schema: public; Owner: postgres
--

CREATE TABLE public.auth_group (
    id integer NOT NULL,
    name character varying(150) NOT NULL
);


ALTER TABLE public.auth_group OWNER TO postgres;

--
-- Name: auth_group_id_seq; Type: SEQUENCE; Schema: public; Owner: postgres
--

CREATE SEQUENCE public.auth_group_id_seq
    AS integer
    START WITH 1
    INCREMENT BY 1
    NO MINVALUE
    NO MAXVALUE
    CACHE 1;


ALTER TABLE public.auth_group_id_seq OWNER TO postgres;

--
-- Name: auth_group_id_seq; Type: SEQUENCE OWNED BY; Schema: public; Owner: postgres
--

ALTER SEQUENCE public.auth_group_id_seq OWNED BY public.auth_group.id;


--
-- Name: auth_group_permissions; Type: TABLE; Schema: public; Owner: postgres
--

CREATE TABLE public.auth_group_permissions (
    id integer NOT NULL,
    group_id integer NOT NULL,
    permission_id integer NOT NULL
);


ALTER TABLE public.auth_group_permissions OWNER TO postgres;

--
-- Name: auth_group_permissions_id_seq; Type: SEQUENCE; Schema: public; Owner: postgres
--

CREATE SEQUENCE public.auth_group_permissions_id_seq
    AS integer
    START WITH 1
    INCREMENT BY 1
    NO MINVALUE
    NO MAXVALUE
    CACHE 1;


ALTER TABLE public.auth_group_permissions_id_seq OWNER TO postgres;

--
-- Name: auth_group_permissions_id_seq; Type: SEQUENCE OWNED BY; Schema: public; Owner: postgres
--

ALTER SEQUENCE public.auth_group_permissions_id_seq OWNED BY public.auth_group_permissions.id;


--
-- Name: auth_permission; Type: TABLE; Schema: public; Owner: postgres
--

CREATE TABLE public.auth_permission (
    id integer NOT NULL,
    name character varying(255) NOT NULL,
    content_type_id integer NOT NULL,
    codename character varying(100) NOT NULL
);


ALTER TABLE public.auth_permission OWNER TO postgres;

--
-- Name: auth_permission_id_seq; Type: SEQUENCE; Schema: public; Owner: postgres
--

CREATE SEQUENCE public.auth_permission_id_seq
    AS integer
    START WITH 1
    INCREMENT BY 1
    NO MINVALUE
    NO MAXVALUE
    CACHE 1;


ALTER TABLE public.auth_permission_id_seq OWNER TO postgres;

--
-- Name: auth_permission_id_seq; Type: SEQUENCE OWNED BY; Schema: public; Owner: postgres
--

ALTER SEQUENCE public.auth_permission_id_seq OWNED BY public.auth_permission.id;


--
-- Name: dishes_dish; Type: TABLE; Schema: public; Owner: postgres
--

CREATE TABLE public.dishes_dish (
    id integer NOT NULL,
    name character varying(255) NOT NULL,
    description text NOT NULL,
    is_active boolean NOT NULL,
    cost double precision NOT NULL,
    photo character varying(100) NOT NULL
);


ALTER TABLE public.dishes_dish OWNER TO postgres;

--
-- Name: dishes_dish_id_seq; Type: SEQUENCE; Schema: public; Owner: postgres
--

CREATE SEQUENCE public.dishes_dish_id_seq
    AS integer
    START WITH 1
    INCREMENT BY 1
    NO MINVALUE
    NO MAXVALUE
    CACHE 1;


ALTER TABLE public.dishes_dish_id_seq OWNER TO postgres;

--
-- Name: dishes_dish_id_seq; Type: SEQUENCE OWNED BY; Schema: public; Owner: postgres
--

ALTER SEQUENCE public.dishes_dish_id_seq OWNED BY public.dishes_dish.id;


--
-- Name: django_admin_log; Type: TABLE; Schema: public; Owner: postgres
--

CREATE TABLE public.django_admin_log (
    id integer NOT NULL,
    action_time timestamp with time zone NOT NULL,
    object_id text,
    object_repr character varying(200) NOT NULL,
    action_flag smallint NOT NULL,
    change_message text NOT NULL,
    content_type_id integer,
    user_id integer NOT NULL,
    CONSTRAINT django_admin_log_action_flag_check CHECK ((action_flag >= 0))
);


ALTER TABLE public.django_admin_log OWNER TO postgres;

--
-- Name: django_admin_log_id_seq; Type: SEQUENCE; Schema: public; Owner: postgres
--

CREATE SEQUENCE public.django_admin_log_id_seq
    AS integer
    START WITH 1
    INCREMENT BY 1
    NO MINVALUE
    NO MAXVALUE
    CACHE 1;


ALTER TABLE public.django_admin_log_id_seq OWNER TO postgres;

--
-- Name: django_admin_log_id_seq; Type: SEQUENCE OWNED BY; Schema: public; Owner: postgres
--

ALTER SEQUENCE public.django_admin_log_id_seq OWNED BY public.django_admin_log.id;


--
-- Name: django_content_type; Type: TABLE; Schema: public; Owner: postgres
--

CREATE TABLE public.django_content_type (
    id integer NOT NULL,
    app_label character varying(100) NOT NULL,
    model character varying(100) NOT NULL
);


ALTER TABLE public.django_content_type OWNER TO postgres;

--
-- Name: django_content_type_id_seq; Type: SEQUENCE; Schema: public; Owner: postgres
--

CREATE SEQUENCE public.django_content_type_id_seq
    AS integer
    START WITH 1
    INCREMENT BY 1
    NO MINVALUE
    NO MAXVALUE
    CACHE 1;


ALTER TABLE public.django_content_type_id_seq OWNER TO postgres;

--
-- Name: django_content_type_id_seq; Type: SEQUENCE OWNED BY; Schema: public; Owner: postgres
--

ALTER SEQUENCE public.django_content_type_id_seq OWNED BY public.django_content_type.id;


--
-- Name: django_migrations; Type: TABLE; Schema: public; Owner: postgres
--

CREATE TABLE public.django_migrations (
    id integer NOT NULL,
    app character varying(255) NOT NULL,
    name character varying(255) NOT NULL,
    applied timestamp with time zone NOT NULL
);


ALTER TABLE public.django_migrations OWNER TO postgres;

--
-- Name: django_migrations_id_seq; Type: SEQUENCE; Schema: public; Owner: postgres
--

CREATE SEQUENCE public.django_migrations_id_seq
    AS integer
    START WITH 1
    INCREMENT BY 1
    NO MINVALUE
    NO MAXVALUE
    CACHE 1;


ALTER TABLE public.django_migrations_id_seq OWNER TO postgres;

--
-- Name: django_migrations_id_seq; Type: SEQUENCE OWNED BY; Schema: public; Owner: postgres
--

ALTER SEQUENCE public.django_migrations_id_seq OWNED BY public.django_migrations.id;


--
-- Name: django_session; Type: TABLE; Schema: public; Owner: postgres
--

CREATE TABLE public.django_session (
    session_key character varying(40) NOT NULL,
    session_data text NOT NULL,
    expire_date timestamp with time zone NOT NULL
);


ALTER TABLE public.django_session OWNER TO postgres;

--
-- Name: django_site; Type: TABLE; Schema: public; Owner: postgres
--

CREATE TABLE public.django_site (
    id integer NOT NULL,
    domain character varying(100) NOT NULL,
    name character varying(50) NOT NULL
);


ALTER TABLE public.django_site OWNER TO postgres;

--
-- Name: django_site_id_seq; Type: SEQUENCE; Schema: public; Owner: postgres
--

CREATE SEQUENCE public.django_site_id_seq
    AS integer
    START WITH 1
    INCREMENT BY 1
    NO MINVALUE
    NO MAXVALUE
    CACHE 1;


ALTER TABLE public.django_site_id_seq OWNER TO postgres;

--
-- Name: django_site_id_seq; Type: SEQUENCE OWNED BY; Schema: public; Owner: postgres
--

ALTER SEQUENCE public.django_site_id_seq OWNED BY public.django_site.id;


--
-- Name: reservations_reservation; Type: TABLE; Schema: public; Owner: postgres
--

CREATE TABLE public.reservations_reservation (
    id integer NOT NULL,
    date timestamp with time zone NOT NULL,
    table_id integer NOT NULL,
    user_id integer NOT NULL,
    email character varying(254) NOT NULL
);


ALTER TABLE public.reservations_reservation OWNER TO postgres;

--
-- Name: reservations_reservation_id_seq; Type: SEQUENCE; Schema: public; Owner: postgres
--

CREATE SEQUENCE public.reservations_reservation_id_seq
    AS integer
    START WITH 1
    INCREMENT BY 1
    NO MINVALUE
    NO MAXVALUE
    CACHE 1;


ALTER TABLE public.reservations_reservation_id_seq OWNER TO postgres;

--
-- Name: reservations_reservation_id_seq; Type: SEQUENCE OWNED BY; Schema: public; Owner: postgres
--

ALTER SEQUENCE public.reservations_reservation_id_seq OWNED BY public.reservations_reservation.id;


--
-- Name: socialaccount_socialaccount; Type: TABLE; Schema: public; Owner: postgres
--

CREATE TABLE public.socialaccount_socialaccount (
    id integer NOT NULL,
    provider character varying(30) NOT NULL,
    uid character varying(191) NOT NULL,
    last_login timestamp with time zone NOT NULL,
    date_joined timestamp with time zone NOT NULL,
    extra_data text NOT NULL,
    user_id integer NOT NULL
);


ALTER TABLE public.socialaccount_socialaccount OWNER TO postgres;

--
-- Name: socialaccount_socialaccount_id_seq; Type: SEQUENCE; Schema: public; Owner: postgres
--

CREATE SEQUENCE public.socialaccount_socialaccount_id_seq
    AS integer
    START WITH 1
    INCREMENT BY 1
    NO MINVALUE
    NO MAXVALUE
    CACHE 1;


ALTER TABLE public.socialaccount_socialaccount_id_seq OWNER TO postgres;

--
-- Name: socialaccount_socialaccount_id_seq; Type: SEQUENCE OWNED BY; Schema: public; Owner: postgres
--

ALTER SEQUENCE public.socialaccount_socialaccount_id_seq OWNED BY public.socialaccount_socialaccount.id;


--
-- Name: socialaccount_socialapp; Type: TABLE; Schema: public; Owner: postgres
--

CREATE TABLE public.socialaccount_socialapp (
    id integer NOT NULL,
    provider character varying(30) NOT NULL,
    name character varying(40) NOT NULL,
    client_id character varying(191) NOT NULL,
    secret character varying(191) NOT NULL,
    key character varying(191) NOT NULL
);


ALTER TABLE public.socialaccount_socialapp OWNER TO postgres;

--
-- Name: socialaccount_socialapp_id_seq; Type: SEQUENCE; Schema: public; Owner: postgres
--

CREATE SEQUENCE public.socialaccount_socialapp_id_seq
    AS integer
    START WITH 1
    INCREMENT BY 1
    NO MINVALUE
    NO MAXVALUE
    CACHE 1;


ALTER TABLE public.socialaccount_socialapp_id_seq OWNER TO postgres;

--
-- Name: socialaccount_socialapp_id_seq; Type: SEQUENCE OWNED BY; Schema: public; Owner: postgres
--

ALTER SEQUENCE public.socialaccount_socialapp_id_seq OWNED BY public.socialaccount_socialapp.id;


--
-- Name: socialaccount_socialapp_sites; Type: TABLE; Schema: public; Owner: postgres
--

CREATE TABLE public.socialaccount_socialapp_sites (
    id integer NOT NULL,
    socialapp_id integer NOT NULL,
    site_id integer NOT NULL
);


ALTER TABLE public.socialaccount_socialapp_sites OWNER TO postgres;

--
-- Name: socialaccount_socialapp_sites_id_seq; Type: SEQUENCE; Schema: public; Owner: postgres
--

CREATE SEQUENCE public.socialaccount_socialapp_sites_id_seq
    AS integer
    START WITH 1
    INCREMENT BY 1
    NO MINVALUE
    NO MAXVALUE
    CACHE 1;


ALTER TABLE public.socialaccount_socialapp_sites_id_seq OWNER TO postgres;

--
-- Name: socialaccount_socialapp_sites_id_seq; Type: SEQUENCE OWNED BY; Schema: public; Owner: postgres
--

ALTER SEQUENCE public.socialaccount_socialapp_sites_id_seq OWNED BY public.socialaccount_socialapp_sites.id;


--
-- Name: socialaccount_socialtoken; Type: TABLE; Schema: public; Owner: postgres
--

CREATE TABLE public.socialaccount_socialtoken (
    id integer NOT NULL,
    token text NOT NULL,
    token_secret text NOT NULL,
    expires_at timestamp with time zone,
    account_id integer NOT NULL,
    app_id integer NOT NULL
);


ALTER TABLE public.socialaccount_socialtoken OWNER TO postgres;

--
-- Name: socialaccount_socialtoken_id_seq; Type: SEQUENCE; Schema: public; Owner: postgres
--

CREATE SEQUENCE public.socialaccount_socialtoken_id_seq
    AS integer
    START WITH 1
    INCREMENT BY 1
    NO MINVALUE
    NO MAXVALUE
    CACHE 1;


ALTER TABLE public.socialaccount_socialtoken_id_seq OWNER TO postgres;

--
-- Name: socialaccount_socialtoken_id_seq; Type: SEQUENCE OWNED BY; Schema: public; Owner: postgres
--

ALTER SEQUENCE public.socialaccount_socialtoken_id_seq OWNED BY public.socialaccount_socialtoken.id;


--
-- Name: tables_table; Type: TABLE; Schema: public; Owner: postgres
--

CREATE TABLE public.tables_table (
    id integer NOT NULL,
    number integer NOT NULL,
    capacity integer NOT NULL,
    is_booked boolean NOT NULL
);


ALTER TABLE public.tables_table OWNER TO postgres;

--
-- Name: tables_table_id_seq; Type: SEQUENCE; Schema: public; Owner: postgres
--

CREATE SEQUENCE public.tables_table_id_seq
    AS integer
    START WITH 1
    INCREMENT BY 1
    NO MINVALUE
    NO MAXVALUE
    CACHE 1;


ALTER TABLE public.tables_table_id_seq OWNER TO postgres;

--
-- Name: tables_table_id_seq; Type: SEQUENCE OWNED BY; Schema: public; Owner: postgres
--

ALTER SEQUENCE public.tables_table_id_seq OWNED BY public.tables_table.id;


--
-- Name: users; Type: TABLE; Schema: public; Owner: postgres
--

CREATE TABLE public.users (
    id integer NOT NULL,
    password character varying(128) NOT NULL,
    last_login timestamp with time zone,
    is_superuser boolean NOT NULL,
    username character varying(255) NOT NULL,
    first_name character varying(255) NOT NULL,
    last_name character varying(255) NOT NULL,
    email character varying(255) NOT NULL,
    is_active boolean NOT NULL,
    is_staff boolean NOT NULL,
    date_joined timestamp with time zone NOT NULL,
    phone_number character varying(12),
    avatar character varying(100),
    birthday date,
    gender character varying(255)
);


ALTER TABLE public.users OWNER TO postgres;

--
-- Name: users_groups; Type: TABLE; Schema: public; Owner: postgres
--

CREATE TABLE public.users_groups (
    id integer NOT NULL,
    user_id integer NOT NULL,
    group_id integer NOT NULL
);


ALTER TABLE public.users_groups OWNER TO postgres;

--
-- Name: users_groups_id_seq; Type: SEQUENCE; Schema: public; Owner: postgres
--

CREATE SEQUENCE public.users_groups_id_seq
    AS integer
    START WITH 1
    INCREMENT BY 1
    NO MINVALUE
    NO MAXVALUE
    CACHE 1;


ALTER TABLE public.users_groups_id_seq OWNER TO postgres;

--
-- Name: users_groups_id_seq; Type: SEQUENCE OWNED BY; Schema: public; Owner: postgres
--

ALTER SEQUENCE public.users_groups_id_seq OWNED BY public.users_groups.id;


--
-- Name: users_id_seq; Type: SEQUENCE; Schema: public; Owner: postgres
--

CREATE SEQUENCE public.users_id_seq
    AS integer
    START WITH 1
    INCREMENT BY 1
    NO MINVALUE
    NO MAXVALUE
    CACHE 1;


ALTER TABLE public.users_id_seq OWNER TO postgres;

--
-- Name: users_id_seq; Type: SEQUENCE OWNED BY; Schema: public; Owner: postgres
--

ALTER SEQUENCE public.users_id_seq OWNED BY public.users.id;


--
-- Name: users_user_permissions; Type: TABLE; Schema: public; Owner: postgres
--

CREATE TABLE public.users_user_permissions (
    id integer NOT NULL,
    user_id integer NOT NULL,
    permission_id integer NOT NULL
);


ALTER TABLE public.users_user_permissions OWNER TO postgres;

--
-- Name: users_user_permissions_id_seq; Type: SEQUENCE; Schema: public; Owner: postgres
--

CREATE SEQUENCE public.users_user_permissions_id_seq
    AS integer
    START WITH 1
    INCREMENT BY 1
    NO MINVALUE
    NO MAXVALUE
    CACHE 1;


ALTER TABLE public.users_user_permissions_id_seq OWNER TO postgres;

--
-- Name: users_user_permissions_id_seq; Type: SEQUENCE OWNED BY; Schema: public; Owner: postgres
--

ALTER SEQUENCE public.users_user_permissions_id_seq OWNED BY public.users_user_permissions.id;


--
-- Name: account_emailaddress id; Type: DEFAULT; Schema: public; Owner: postgres
--

ALTER TABLE ONLY public.account_emailaddress ALTER COLUMN id SET DEFAULT nextval('public.account_emailaddress_id_seq'::regclass);


--
-- Name: account_emailconfirmation id; Type: DEFAULT; Schema: public; Owner: postgres
--

ALTER TABLE ONLY public.account_emailconfirmation ALTER COLUMN id SET DEFAULT nextval('public.account_emailconfirmation_id_seq'::regclass);


--
-- Name: auth_group id; Type: DEFAULT; Schema: public; Owner: postgres
--

ALTER TABLE ONLY public.auth_group ALTER COLUMN id SET DEFAULT nextval('public.auth_group_id_seq'::regclass);


--
-- Name: auth_group_permissions id; Type: DEFAULT; Schema: public; Owner: postgres
--

ALTER TABLE ONLY public.auth_group_permissions ALTER COLUMN id SET DEFAULT nextval('public.auth_group_permissions_id_seq'::regclass);


--
-- Name: auth_permission id; Type: DEFAULT; Schema: public; Owner: postgres
--

ALTER TABLE ONLY public.auth_permission ALTER COLUMN id SET DEFAULT nextval('public.auth_permission_id_seq'::regclass);


--
-- Name: dishes_dish id; Type: DEFAULT; Schema: public; Owner: postgres
--

ALTER TABLE ONLY public.dishes_dish ALTER COLUMN id SET DEFAULT nextval('public.dishes_dish_id_seq'::regclass);


--
-- Name: django_admin_log id; Type: DEFAULT; Schema: public; Owner: postgres
--

ALTER TABLE ONLY public.django_admin_log ALTER COLUMN id SET DEFAULT nextval('public.django_admin_log_id_seq'::regclass);


--
-- Name: django_content_type id; Type: DEFAULT; Schema: public; Owner: postgres
--

ALTER TABLE ONLY public.django_content_type ALTER COLUMN id SET DEFAULT nextval('public.django_content_type_id_seq'::regclass);


--
-- Name: django_migrations id; Type: DEFAULT; Schema: public; Owner: postgres
--

ALTER TABLE ONLY public.django_migrations ALTER COLUMN id SET DEFAULT nextval('public.django_migrations_id_seq'::regclass);


--
-- Name: django_site id; Type: DEFAULT; Schema: public; Owner: postgres
--

ALTER TABLE ONLY public.django_site ALTER COLUMN id SET DEFAULT nextval('public.django_site_id_seq'::regclass);


--
-- Name: reservations_reservation id; Type: DEFAULT; Schema: public; Owner: postgres
--

ALTER TABLE ONLY public.reservations_reservation ALTER COLUMN id SET DEFAULT nextval('public.reservations_reservation_id_seq'::regclass);


--
-- Name: socialaccount_socialaccount id; Type: DEFAULT; Schema: public; Owner: postgres
--

ALTER TABLE ONLY public.socialaccount_socialaccount ALTER COLUMN id SET DEFAULT nextval('public.socialaccount_socialaccount_id_seq'::regclass);


--
-- Name: socialaccount_socialapp id; Type: DEFAULT; Schema: public; Owner: postgres
--

ALTER TABLE ONLY public.socialaccount_socialapp ALTER COLUMN id SET DEFAULT nextval('public.socialaccount_socialapp_id_seq'::regclass);


--
-- Name: socialaccount_socialapp_sites id; Type: DEFAULT; Schema: public; Owner: postgres
--

ALTER TABLE ONLY public.socialaccount_socialapp_sites ALTER COLUMN id SET DEFAULT nextval('public.socialaccount_socialapp_sites_id_seq'::regclass);


--
-- Name: socialaccount_socialtoken id; Type: DEFAULT; Schema: public; Owner: postgres
--

ALTER TABLE ONLY public.socialaccount_socialtoken ALTER COLUMN id SET DEFAULT nextval('public.socialaccount_socialtoken_id_seq'::regclass);


--
-- Name: tables_table id; Type: DEFAULT; Schema: public; Owner: postgres
--

ALTER TABLE ONLY public.tables_table ALTER COLUMN id SET DEFAULT nextval('public.tables_table_id_seq'::regclass);


--
-- Name: users id; Type: DEFAULT; Schema: public; Owner: postgres
--

ALTER TABLE ONLY public.users ALTER COLUMN id SET DEFAULT nextval('public.users_id_seq'::regclass);


--
-- Name: users_groups id; Type: DEFAULT; Schema: public; Owner: postgres
--

ALTER TABLE ONLY public.users_groups ALTER COLUMN id SET DEFAULT nextval('public.users_groups_id_seq'::regclass);


--
-- Name: users_user_permissions id; Type: DEFAULT; Schema: public; Owner: postgres
--

ALTER TABLE ONLY public.users_user_permissions ALTER COLUMN id SET DEFAULT nextval('public.users_user_permissions_id_seq'::regclass);


--
-- Data for Name: account_emailaddress; Type: TABLE DATA; Schema: public; Owner: postgres
--

COPY public.account_emailaddress (id, email, verified, "primary", user_id) FROM stdin;
1	example@mail.com	f	t	2
\.


--
-- Data for Name: account_emailconfirmation; Type: TABLE DATA; Schema: public; Owner: postgres
--

COPY public.account_emailconfirmation (id, created, sent, key, email_address_id) FROM stdin;
\.


--
-- Data for Name: auth_group; Type: TABLE DATA; Schema: public; Owner: postgres
--

COPY public.auth_group (id, name) FROM stdin;
\.


--
-- Data for Name: auth_group_permissions; Type: TABLE DATA; Schema: public; Owner: postgres
--

COPY public.auth_group_permissions (id, group_id, permission_id) FROM stdin;
\.


--
-- Data for Name: auth_permission; Type: TABLE DATA; Schema: public; Owner: postgres
--

COPY public.auth_permission (id, name, content_type_id, codename) FROM stdin;
1	Can add log entry	1	add_logentry
2	Can change log entry	1	change_logentry
3	Can delete log entry	1	delete_logentry
4	Can view log entry	1	view_logentry
5	Can add permission	2	add_permission
6	Can change permission	2	change_permission
7	Can delete permission	2	delete_permission
8	Can view permission	2	view_permission
9	Can add group	3	add_group
10	Can change group	3	change_group
11	Can delete group	3	delete_group
12	Can view group	3	view_group
13	Can add content type	4	add_contenttype
14	Can change content type	4	change_contenttype
15	Can delete content type	4	delete_contenttype
16	Can view content type	4	view_contenttype
17	Can add session	5	add_session
18	Can change session	5	change_session
19	Can delete session	5	delete_session
20	Can view session	5	view_session
21	Can add site	6	add_site
22	Can change site	6	change_site
23	Can delete site	6	delete_site
24	Can view site	6	view_site
25	Can add User	7	add_user
26	Can change User	7	change_user
27	Can delete User	7	delete_user
28	Can view User	7	view_user
29	Can add Table	8	add_table
30	Can change Table	8	change_table
31	Can delete Table	8	delete_table
32	Can view Table	8	view_table
33	Can add Reservation	9	add_reservation
34	Can change Reservation	9	change_reservation
35	Can delete Reservation	9	delete_reservation
36	Can view Reservation	9	view_reservation
37	Can add Dish	10	add_dish
38	Can change Dish	10	change_dish
39	Can delete Dish	10	delete_dish
40	Can view Dish	10	view_dish
41	Can add email address	11	add_emailaddress
42	Can change email address	11	change_emailaddress
43	Can delete email address	11	delete_emailaddress
44	Can view email address	11	view_emailaddress
45	Can add email confirmation	12	add_emailconfirmation
46	Can change email confirmation	12	change_emailconfirmation
47	Can delete email confirmation	12	delete_emailconfirmation
48	Can view email confirmation	12	view_emailconfirmation
49	Can add social account	13	add_socialaccount
50	Can change social account	13	change_socialaccount
51	Can delete social account	13	delete_socialaccount
52	Can view social account	13	view_socialaccount
53	Can add social application	14	add_socialapp
54	Can change social application	14	change_socialapp
55	Can delete social application	14	delete_socialapp
56	Can view social application	14	view_socialapp
57	Can add social application token	15	add_socialtoken
58	Can change social application token	15	change_socialtoken
59	Can delete social application token	15	delete_socialtoken
60	Can view social application token	15	view_socialtoken
\.


--
-- Data for Name: dishes_dish; Type: TABLE DATA; Schema: public; Owner: postgres
--

COPY public.dishes_dish (id, name, description, is_active, cost, photo) FROM stdin;
1	Суп-пюре из кабачков с фрикадельками	Вкус и нежная консистенция супа-пюре из кабачков с добавлением мясных фрикаделек особенно понравится взрослым, которые не могут обходиться без мяса. Также блюдо понравится детям, для которых важно, чтобы в тарелке не плавала отваренная морковь с луком.	t	120	static/imagination/1_pl6EQaC.jpg
2	Свинина с ананасами в кисло-сладком соусе	жная мякоть, которая сверху хрустит, а внутри остается очень сочной. Казалось бы, что поросятинку приготовили в кляре, но она блестит благодаря густому соусу. Да и сама крахмальная оболочка делается совсем по-другому	t	300	static/imagination/350_svinina-v-kislo-sladkom-sou_kMRINdh.jpg
3	Горячие бутерброды	Сочные горячие бутерброды – просто идеальный вариант для сытного завтрака или перекуса в дороге или на работе. Такие бутерброды можно готовить с любой начинкой, но колбаса, помидоры и сыр – классика!	t	110	static/imagination/garytardiff-2_8WqCQJk.jpg
4	Карбонара	Спагетти карбонара – самая известная традиционная итальянская паста в мире. Карбонара – это нежный сырно-яичный соус, обволакивающий пасту, вперемешку с сочным, поджаренным беконом. Все это присыпано сыром пармезан и черным молотым перцем. Mmmm, così deli	t	280	static/imagination/92a303b237cb540887578fae1c518a69_J0kpxF2.jpg
5	Цезарь с креветками	Салат "Цезарь" с креветками - весьма необычная закуска, которая отличается своим прекрасным вкусом. Такой салат подойдет не только для перекуса, но и для праздничного или романтического стола.	t	290	static/imagination/Salat-TSezar-s-krevetkami_ah7XDde.jpg
6	Бифштекс с печеным картофелем	Бифштекс – это блюдо, которое изначально готовилось из говядины. Отсюда и название, ведь в дословном переводе с английского звучит, как «кусок говядины». С годами блюдо слегка поменялось, и сегодня его готовят из свинины, телятины. К тому же, популярность	t	420	static/imagination/bifshteks-na-grile_xmJEqAt.jpg
7	Чебуреки	Чебуреки – большие жареные пирожки из бездрожжевого теста. Чебуреки могут быть с разными начинками, но чебуреки с мясом - рецепт классический	t	150	static/imagination/1-8_cybeg0y.jpg
8	Лосось с овощами	По календарю уже не осунь, но все летние овощи еще на прилавках! Сочная рыбка с овощами потрясающий выбор на ужин!	t	450	static/imagination/ryba-losos-limon-ovoshchi_NcFmhkA.jpg
9	Картофель фри с соусом	Невозможно представить современного человека, который хотя бы однажды не пробовал картофель-фри. Распространенное и любимое многими блюдо представляет собой кусочки картофеля, обжаренные во фритюре. Подаются с соусом на выбор.	t	140	static/imagination/FEb_UIpo-Vs_1YfyNq2.jpg
\.


--
-- Data for Name: django_admin_log; Type: TABLE DATA; Schema: public; Owner: postgres
--

COPY public.django_admin_log (id, action_time, object_id, object_repr, action_flag, change_message, content_type_id, user_id) FROM stdin;
1	2021-01-27 10:03:47.104203+00	1	Table 1	1	[{"added": {}}]	8	1
2	2021-01-27 10:07:59.789943+00	1	Суп-пюре из кабачков с фрикадельками	1	[{"added": {}}]	10	1
3	2021-01-27 10:08:42.303823+00	2	Свинина с ананасами в кисло-сладком соусе	1	[{"added": {}}]	10	1
4	2021-01-27 10:09:34.880182+00	3	Горячие бутерброды	1	[{"added": {}}]	10	1
5	2021-01-27 10:10:08.978046+00	4	Карбонара	1	[{"added": {}}]	10	1
6	2021-01-27 10:11:00.436664+00	5	Цезарь с креветками	1	[{"added": {}}]	10	1
7	2021-01-27 10:11:50.443064+00	6	Бифштекс с печеным картофелем	1	[{"added": {}}]	10	1
8	2021-01-27 10:12:38.203268+00	7	Чебуреки	1	[{"added": {}}]	10	1
9	2021-01-27 10:13:10.105968+00	8	Лосось с овощами	1	[{"added": {}}]	10	1
10	2021-01-27 10:13:44.004422+00	9	Картофель фри с соусом	1	[{"added": {}}]	10	1
11	2021-01-27 10:13:57.160466+00	2	Table 2	1	[{"added": {}}]	8	1
12	2021-01-27 10:14:04.254062+00	3	Table 3	1	[{"added": {}}]	8	1
13	2021-01-27 10:14:11.400794+00	4	Table 4	1	[{"added": {}}]	8	1
14	2021-01-27 10:14:22.454589+00	5	Table 5	1	[{"added": {}}]	8	1
15	2021-01-27 10:14:29.499907+00	6	Table 6	1	[{"added": {}}]	8	1
16	2021-01-27 18:16:05.503865+00	3	lol@mail.com	1	[{"added": {}}]	7	1
17	2021-01-27 18:16:31.855791+00	3	lol@mail.com	2	[{"changed": {"fields": ["First name", "Last name", "Phone number", "Birthday", "Gender"]}}]	7	1
18	2021-01-27 18:17:01.637754+00	5	ekell11lle@gmail.com 2021-01-27 17:58:18.078750+00:00	3		9	1
19	2021-01-27 18:17:01.641861+00	4	ekell11lle@gmail.com 2021-01-27 17:57:12.691701+00:00	3		9	1
20	2021-01-27 18:17:01.648362+00	3	ekell11lle@gmail.com 2021-01-27 17:57:05.173385+00:00	3		9	1
21	2021-01-27 18:17:01.652963+00	2	example@mail.com 2021-01-27 17:45:11.403733+00:00	3		9	1
\.


--
-- Data for Name: django_content_type; Type: TABLE DATA; Schema: public; Owner: postgres
--

COPY public.django_content_type (id, app_label, model) FROM stdin;
1	admin	logentry
2	auth	permission
3	auth	group
4	contenttypes	contenttype
5	sessions	session
6	sites	site
7	users	user
8	tables	table
9	reservations	reservation
10	dishes	dish
11	account	emailaddress
12	account	emailconfirmation
13	socialaccount	socialaccount
14	socialaccount	socialapp
15	socialaccount	socialtoken
\.


--
-- Data for Name: django_migrations; Type: TABLE DATA; Schema: public; Owner: postgres
--

COPY public.django_migrations (id, app, name, applied) FROM stdin;
1	contenttypes	0001_initial	2021-01-27 09:56:37.585574+00
2	contenttypes	0002_remove_content_type_name	2021-01-27 09:56:37.60334+00
3	auth	0001_initial	2021-01-27 09:56:37.650232+00
4	auth	0002_alter_permission_name_max_length	2021-01-27 09:56:37.72238+00
5	auth	0003_alter_user_email_max_length	2021-01-27 09:56:37.738908+00
6	auth	0004_alter_user_username_opts	2021-01-27 09:56:37.757424+00
7	auth	0005_alter_user_last_login_null	2021-01-27 09:56:37.774613+00
8	auth	0006_require_contenttypes_0002	2021-01-27 09:56:37.780943+00
9	auth	0007_alter_validators_add_error_messages	2021-01-27 09:56:37.790549+00
10	auth	0008_alter_user_username_max_length	2021-01-27 09:56:37.800236+00
11	auth	0009_alter_user_last_name_max_length	2021-01-27 09:56:37.810194+00
12	auth	0010_alter_group_name_max_length	2021-01-27 09:56:37.822041+00
13	auth	0011_update_proxy_permissions	2021-01-27 09:56:37.830426+00
14	users	0001_initial	2021-01-27 09:56:37.883068+00
15	account	0001_initial	2021-01-27 09:56:38.012755+00
16	account	0002_email_max_length	2021-01-27 09:56:38.088678+00
17	admin	0001_initial	2021-01-27 09:56:38.15933+00
18	admin	0002_logentry_remove_auto_add	2021-01-27 09:56:38.214368+00
19	admin	0003_logentry_add_action_flag_choices	2021-01-27 09:56:38.241533+00
20	dishes	0001_initial	2021-01-27 09:56:38.271862+00
21	tables	0001_initial	2021-01-27 09:56:38.291866+00
22	reservations	0001_initial	2021-01-27 09:56:38.313744+00
23	reservations	0002_reservation_user	2021-01-27 09:56:38.351686+00
24	reservations	0003_auto_20210126_1701	2021-01-27 09:56:38.439456+00
25	sessions	0001_initial	2021-01-27 09:56:38.465218+00
26	sites	0001_initial	2021-01-27 09:56:38.509806+00
27	sites	0002_alter_domain_unique	2021-01-27 09:56:38.544885+00
28	socialaccount	0001_initial	2021-01-27 09:56:38.715378+00
29	socialaccount	0002_token_max_lengths	2021-01-27 09:56:38.825851+00
30	socialaccount	0003_extra_data_default_dict	2021-01-27 09:56:38.838632+00
\.


--
-- Data for Name: django_session; Type: TABLE DATA; Schema: public; Owner: postgres
--

COPY public.django_session (session_key, session_data, expire_date) FROM stdin;
2d8kxrln63it2ebgd2lp26ria5s0y1yp	ZDRkZmU0ZDY4MDNjYjhkYjhhNWQzYTBkMTU5ZjcxYWNhYzgwMDkxODp7Il9hdXRoX3VzZXJfaWQiOiIxIiwiX2F1dGhfdXNlcl9iYWNrZW5kIjoiZGphbmdvLmNvbnRyaWIuYXV0aC5iYWNrZW5kcy5Nb2RlbEJhY2tlbmQiLCJfYXV0aF91c2VyX2hhc2giOiJhOTJhNDY0NGViNDcxNjVjY2I0Mzc3NDJkYmU4M2E4YWJjOTQyN2QwIn0=	2021-02-10 09:57:35.846021+00
rkdhz04dgijmpbc05to296jh206dwdek	MDM3YjRmYTI0MDQ2MjliMDExMDE0YTRjNWZkYWU4ZWQwNGE3OGVjZDp7Il9hdXRoX3VzZXJfaWQiOiIxIiwiX2F1dGhfdXNlcl9iYWNrZW5kIjoiZGphbmdvLmNvbnRyaWIuYXV0aC5iYWNrZW5kcy5Nb2RlbEJhY2tlbmQiLCJfYXV0aF91c2VyX2hhc2giOiJhOTJhNDY0NGViNDcxNjVjY2I0Mzc3NDJkYmU4M2E4YWJjOTQyN2QwIiwiX3Nlc3Npb25fZXhwaXJ5IjowfQ==	2021-02-10 17:46:18.25831+00
i634v88bkdlodms9872240hr4wpxvb9o	MDM3YjRmYTI0MDQ2MjliMDExMDE0YTRjNWZkYWU4ZWQwNGE3OGVjZDp7Il9hdXRoX3VzZXJfaWQiOiIxIiwiX2F1dGhfdXNlcl9iYWNrZW5kIjoiZGphbmdvLmNvbnRyaWIuYXV0aC5iYWNrZW5kcy5Nb2RlbEJhY2tlbmQiLCJfYXV0aF91c2VyX2hhc2giOiJhOTJhNDY0NGViNDcxNjVjY2I0Mzc3NDJkYmU4M2E4YWJjOTQyN2QwIiwiX3Nlc3Npb25fZXhwaXJ5IjowfQ==	2021-02-10 17:56:37.617874+00
\.


--
-- Data for Name: django_site; Type: TABLE DATA; Schema: public; Owner: postgres
--

COPY public.django_site (id, domain, name) FROM stdin;
1	example.com	example.com
\.


--
-- Data for Name: reservations_reservation; Type: TABLE DATA; Schema: public; Owner: postgres
--

COPY public.reservations_reservation (id, date, table_id, user_id, email) FROM stdin;
1	2021-01-27 10:04:36.596189+00	1	1	ekell11lle@gmail.com
6	2021-01-27 17:58:27.535372+00	1	1	ekell11lle@gmail.com
\.


--
-- Data for Name: socialaccount_socialaccount; Type: TABLE DATA; Schema: public; Owner: postgres
--

COPY public.socialaccount_socialaccount (id, provider, uid, last_login, date_joined, extra_data, user_id) FROM stdin;
\.


--
-- Data for Name: socialaccount_socialapp; Type: TABLE DATA; Schema: public; Owner: postgres
--

COPY public.socialaccount_socialapp (id, provider, name, client_id, secret, key) FROM stdin;
\.


--
-- Data for Name: socialaccount_socialapp_sites; Type: TABLE DATA; Schema: public; Owner: postgres
--

COPY public.socialaccount_socialapp_sites (id, socialapp_id, site_id) FROM stdin;
\.


--
-- Data for Name: socialaccount_socialtoken; Type: TABLE DATA; Schema: public; Owner: postgres
--

COPY public.socialaccount_socialtoken (id, token, token_secret, expires_at, account_id, app_id) FROM stdin;
\.


--
-- Data for Name: spatial_ref_sys; Type: TABLE DATA; Schema: public; Owner: postgres
--

COPY public.spatial_ref_sys (srid, auth_name, auth_srid, srtext, proj4text) FROM stdin;
\.


--
-- Data for Name: tables_table; Type: TABLE DATA; Schema: public; Owner: postgres
--

COPY public.tables_table (id, number, capacity, is_booked) FROM stdin;
2	2	12	f
3	3	4	f
4	4	4	f
5	5	4	f
6	6	4	f
1	1	12	t
\.


--
-- Data for Name: users; Type: TABLE DATA; Schema: public; Owner: postgres
--

COPY public.users (id, password, last_login, is_superuser, username, first_name, last_name, email, is_active, is_staff, date_joined, phone_number, avatar, birthday, gender) FROM stdin;
2	pbkdf2_sha256$180000$AZjqg22XejHA$6UP9mwXpcUBZl/CsNZgMUvj4CdL920R+br7THByGrwA=	2021-01-27 17:39:31.065675+00	f	example			example@mail.com	t	f	2021-01-27 17:39:30.917522+00	\N		\N	\N
1	pbkdf2_sha256$180000$qyUagXpA9Tuw$ZtW0sKPWqPROIYsPjWhCHFhNCuIBNyUZsroM/7pzeN8=	2021-01-27 17:56:37.600615+00	t		Елизавета	Кокорина	ekell11lle@gmail.com	t	t	2021-01-27 09:57:07.371998+00	+79314021760	static/imagination/wOt8NMdxJGE_NxP06Ru.jpg	\N	FEMALE
3	pbkdf2_sha256$180000$D1kkPrz1NChx$zkxZl8Xfwqpk1iSm99Y4QbiKQebK2CA4itVlVKQcEmM=	\N	f		Петр	Иванов	lol@mail.com	t	f	2021-01-27 18:16:05.354126+00	88888888888		2021-01-19	MALE
\.


--
-- Data for Name: users_groups; Type: TABLE DATA; Schema: public; Owner: postgres
--

COPY public.users_groups (id, user_id, group_id) FROM stdin;
\.


--
-- Data for Name: users_user_permissions; Type: TABLE DATA; Schema: public; Owner: postgres
--

COPY public.users_user_permissions (id, user_id, permission_id) FROM stdin;
\.


--
-- Data for Name: geocode_settings; Type: TABLE DATA; Schema: tiger; Owner: postgres
--

COPY tiger.geocode_settings (name, setting, unit, category, short_desc) FROM stdin;
\.


--
-- Data for Name: pagc_gaz; Type: TABLE DATA; Schema: tiger; Owner: postgres
--

COPY tiger.pagc_gaz (id, seq, word, stdword, token, is_custom) FROM stdin;
\.


--
-- Data for Name: pagc_lex; Type: TABLE DATA; Schema: tiger; Owner: postgres
--

COPY tiger.pagc_lex (id, seq, word, stdword, token, is_custom) FROM stdin;
\.


--
-- Data for Name: pagc_rules; Type: TABLE DATA; Schema: tiger; Owner: postgres
--

COPY tiger.pagc_rules (id, rule, is_custom) FROM stdin;
\.


--
-- Data for Name: topology; Type: TABLE DATA; Schema: topology; Owner: postgres
--

COPY topology.topology (id, name, srid, "precision", hasz) FROM stdin;
\.


--
-- Data for Name: layer; Type: TABLE DATA; Schema: topology; Owner: postgres
--

COPY topology.layer (topology_id, layer_id, schema_name, table_name, feature_column, feature_type, level, child_id) FROM stdin;
\.


--
-- Name: account_emailaddress_id_seq; Type: SEQUENCE SET; Schema: public; Owner: postgres
--

SELECT pg_catalog.setval('public.account_emailaddress_id_seq', 1, true);


--
-- Name: account_emailconfirmation_id_seq; Type: SEQUENCE SET; Schema: public; Owner: postgres
--

SELECT pg_catalog.setval('public.account_emailconfirmation_id_seq', 1, false);


--
-- Name: auth_group_id_seq; Type: SEQUENCE SET; Schema: public; Owner: postgres
--

SELECT pg_catalog.setval('public.auth_group_id_seq', 1, false);


--
-- Name: auth_group_permissions_id_seq; Type: SEQUENCE SET; Schema: public; Owner: postgres
--

SELECT pg_catalog.setval('public.auth_group_permissions_id_seq', 1, false);


--
-- Name: auth_permission_id_seq; Type: SEQUENCE SET; Schema: public; Owner: postgres
--

SELECT pg_catalog.setval('public.auth_permission_id_seq', 60, true);


--
-- Name: dishes_dish_id_seq; Type: SEQUENCE SET; Schema: public; Owner: postgres
--

SELECT pg_catalog.setval('public.dishes_dish_id_seq', 9, true);


--
-- Name: django_admin_log_id_seq; Type: SEQUENCE SET; Schema: public; Owner: postgres
--

SELECT pg_catalog.setval('public.django_admin_log_id_seq', 21, true);


--
-- Name: django_content_type_id_seq; Type: SEQUENCE SET; Schema: public; Owner: postgres
--

SELECT pg_catalog.setval('public.django_content_type_id_seq', 15, true);


--
-- Name: django_migrations_id_seq; Type: SEQUENCE SET; Schema: public; Owner: postgres
--

SELECT pg_catalog.setval('public.django_migrations_id_seq', 30, true);


--
-- Name: django_site_id_seq; Type: SEQUENCE SET; Schema: public; Owner: postgres
--

SELECT pg_catalog.setval('public.django_site_id_seq', 1, true);


--
-- Name: reservations_reservation_id_seq; Type: SEQUENCE SET; Schema: public; Owner: postgres
--

SELECT pg_catalog.setval('public.reservations_reservation_id_seq', 6, true);


--
-- Name: socialaccount_socialaccount_id_seq; Type: SEQUENCE SET; Schema: public; Owner: postgres
--

SELECT pg_catalog.setval('public.socialaccount_socialaccount_id_seq', 1, false);


--
-- Name: socialaccount_socialapp_id_seq; Type: SEQUENCE SET; Schema: public; Owner: postgres
--

SELECT pg_catalog.setval('public.socialaccount_socialapp_id_seq', 1, false);


--
-- Name: socialaccount_socialapp_sites_id_seq; Type: SEQUENCE SET; Schema: public; Owner: postgres
--

SELECT pg_catalog.setval('public.socialaccount_socialapp_sites_id_seq', 1, false);


--
-- Name: socialaccount_socialtoken_id_seq; Type: SEQUENCE SET; Schema: public; Owner: postgres
--

SELECT pg_catalog.setval('public.socialaccount_socialtoken_id_seq', 1, false);


--
-- Name: tables_table_id_seq; Type: SEQUENCE SET; Schema: public; Owner: postgres
--

SELECT pg_catalog.setval('public.tables_table_id_seq', 6, true);


--
-- Name: users_groups_id_seq; Type: SEQUENCE SET; Schema: public; Owner: postgres
--

SELECT pg_catalog.setval('public.users_groups_id_seq', 1, false);


--
-- Name: users_id_seq; Type: SEQUENCE SET; Schema: public; Owner: postgres
--

SELECT pg_catalog.setval('public.users_id_seq', 3, true);


--
-- Name: users_user_permissions_id_seq; Type: SEQUENCE SET; Schema: public; Owner: postgres
--

SELECT pg_catalog.setval('public.users_user_permissions_id_seq', 1, false);


--
-- Name: account_emailaddress account_emailaddress_email_key; Type: CONSTRAINT; Schema: public; Owner: postgres
--

ALTER TABLE ONLY public.account_emailaddress
    ADD CONSTRAINT account_emailaddress_email_key UNIQUE (email);


--
-- Name: account_emailaddress account_emailaddress_pkey; Type: CONSTRAINT; Schema: public; Owner: postgres
--

ALTER TABLE ONLY public.account_emailaddress
    ADD CONSTRAINT account_emailaddress_pkey PRIMARY KEY (id);


--
-- Name: account_emailconfirmation account_emailconfirmation_key_key; Type: CONSTRAINT; Schema: public; Owner: postgres
--

ALTER TABLE ONLY public.account_emailconfirmation
    ADD CONSTRAINT account_emailconfirmation_key_key UNIQUE (key);


--
-- Name: account_emailconfirmation account_emailconfirmation_pkey; Type: CONSTRAINT; Schema: public; Owner: postgres
--

ALTER TABLE ONLY public.account_emailconfirmation
    ADD CONSTRAINT account_emailconfirmation_pkey PRIMARY KEY (id);


--
-- Name: auth_group auth_group_name_key; Type: CONSTRAINT; Schema: public; Owner: postgres
--

ALTER TABLE ONLY public.auth_group
    ADD CONSTRAINT auth_group_name_key UNIQUE (name);


--
-- Name: auth_group_permissions auth_group_permissions_group_id_permission_id_0cd325b0_uniq; Type: CONSTRAINT; Schema: public; Owner: postgres
--

ALTER TABLE ONLY public.auth_group_permissions
    ADD CONSTRAINT auth_group_permissions_group_id_permission_id_0cd325b0_uniq UNIQUE (group_id, permission_id);


--
-- Name: auth_group_permissions auth_group_permissions_pkey; Type: CONSTRAINT; Schema: public; Owner: postgres
--

ALTER TABLE ONLY public.auth_group_permissions
    ADD CONSTRAINT auth_group_permissions_pkey PRIMARY KEY (id);


--
-- Name: auth_group auth_group_pkey; Type: CONSTRAINT; Schema: public; Owner: postgres
--

ALTER TABLE ONLY public.auth_group
    ADD CONSTRAINT auth_group_pkey PRIMARY KEY (id);


--
-- Name: auth_permission auth_permission_content_type_id_codename_01ab375a_uniq; Type: CONSTRAINT; Schema: public; Owner: postgres
--

ALTER TABLE ONLY public.auth_permission
    ADD CONSTRAINT auth_permission_content_type_id_codename_01ab375a_uniq UNIQUE (content_type_id, codename);


--
-- Name: auth_permission auth_permission_pkey; Type: CONSTRAINT; Schema: public; Owner: postgres
--

ALTER TABLE ONLY public.auth_permission
    ADD CONSTRAINT auth_permission_pkey PRIMARY KEY (id);


--
-- Name: dishes_dish dishes_dish_pkey; Type: CONSTRAINT; Schema: public; Owner: postgres
--

ALTER TABLE ONLY public.dishes_dish
    ADD CONSTRAINT dishes_dish_pkey PRIMARY KEY (id);


--
-- Name: django_admin_log django_admin_log_pkey; Type: CONSTRAINT; Schema: public; Owner: postgres
--

ALTER TABLE ONLY public.django_admin_log
    ADD CONSTRAINT django_admin_log_pkey PRIMARY KEY (id);


--
-- Name: django_content_type django_content_type_app_label_model_76bd3d3b_uniq; Type: CONSTRAINT; Schema: public; Owner: postgres
--

ALTER TABLE ONLY public.django_content_type
    ADD CONSTRAINT django_content_type_app_label_model_76bd3d3b_uniq UNIQUE (app_label, model);


--
-- Name: django_content_type django_content_type_pkey; Type: CONSTRAINT; Schema: public; Owner: postgres
--

ALTER TABLE ONLY public.django_content_type
    ADD CONSTRAINT django_content_type_pkey PRIMARY KEY (id);


--
-- Name: django_migrations django_migrations_pkey; Type: CONSTRAINT; Schema: public; Owner: postgres
--

ALTER TABLE ONLY public.django_migrations
    ADD CONSTRAINT django_migrations_pkey PRIMARY KEY (id);


--
-- Name: django_session django_session_pkey; Type: CONSTRAINT; Schema: public; Owner: postgres
--

ALTER TABLE ONLY public.django_session
    ADD CONSTRAINT django_session_pkey PRIMARY KEY (session_key);


--
-- Name: django_site django_site_domain_a2e37b91_uniq; Type: CONSTRAINT; Schema: public; Owner: postgres
--

ALTER TABLE ONLY public.django_site
    ADD CONSTRAINT django_site_domain_a2e37b91_uniq UNIQUE (domain);


--
-- Name: django_site django_site_pkey; Type: CONSTRAINT; Schema: public; Owner: postgres
--

ALTER TABLE ONLY public.django_site
    ADD CONSTRAINT django_site_pkey PRIMARY KEY (id);


--
-- Name: reservations_reservation reservations_reservation_pkey; Type: CONSTRAINT; Schema: public; Owner: postgres
--

ALTER TABLE ONLY public.reservations_reservation
    ADD CONSTRAINT reservations_reservation_pkey PRIMARY KEY (id);


--
-- Name: socialaccount_socialaccount socialaccount_socialaccount_pkey; Type: CONSTRAINT; Schema: public; Owner: postgres
--

ALTER TABLE ONLY public.socialaccount_socialaccount
    ADD CONSTRAINT socialaccount_socialaccount_pkey PRIMARY KEY (id);


--
-- Name: socialaccount_socialaccount socialaccount_socialaccount_provider_uid_fc810c6e_uniq; Type: CONSTRAINT; Schema: public; Owner: postgres
--

ALTER TABLE ONLY public.socialaccount_socialaccount
    ADD CONSTRAINT socialaccount_socialaccount_provider_uid_fc810c6e_uniq UNIQUE (provider, uid);


--
-- Name: socialaccount_socialapp_sites socialaccount_socialapp__socialapp_id_site_id_71a9a768_uniq; Type: CONSTRAINT; Schema: public; Owner: postgres
--

ALTER TABLE ONLY public.socialaccount_socialapp_sites
    ADD CONSTRAINT socialaccount_socialapp__socialapp_id_site_id_71a9a768_uniq UNIQUE (socialapp_id, site_id);


--
-- Name: socialaccount_socialapp socialaccount_socialapp_pkey; Type: CONSTRAINT; Schema: public; Owner: postgres
--

ALTER TABLE ONLY public.socialaccount_socialapp
    ADD CONSTRAINT socialaccount_socialapp_pkey PRIMARY KEY (id);


--
-- Name: socialaccount_socialapp_sites socialaccount_socialapp_sites_pkey; Type: CONSTRAINT; Schema: public; Owner: postgres
--

ALTER TABLE ONLY public.socialaccount_socialapp_sites
    ADD CONSTRAINT socialaccount_socialapp_sites_pkey PRIMARY KEY (id);


--
-- Name: socialaccount_socialtoken socialaccount_socialtoken_app_id_account_id_fca4e0ac_uniq; Type: CONSTRAINT; Schema: public; Owner: postgres
--

ALTER TABLE ONLY public.socialaccount_socialtoken
    ADD CONSTRAINT socialaccount_socialtoken_app_id_account_id_fca4e0ac_uniq UNIQUE (app_id, account_id);


--
-- Name: socialaccount_socialtoken socialaccount_socialtoken_pkey; Type: CONSTRAINT; Schema: public; Owner: postgres
--

ALTER TABLE ONLY public.socialaccount_socialtoken
    ADD CONSTRAINT socialaccount_socialtoken_pkey PRIMARY KEY (id);


--
-- Name: tables_table tables_table_pkey; Type: CONSTRAINT; Schema: public; Owner: postgres
--

ALTER TABLE ONLY public.tables_table
    ADD CONSTRAINT tables_table_pkey PRIMARY KEY (id);


--
-- Name: users users_email_key; Type: CONSTRAINT; Schema: public; Owner: postgres
--

ALTER TABLE ONLY public.users
    ADD CONSTRAINT users_email_key UNIQUE (email);


--
-- Name: users_groups users_groups_pkey; Type: CONSTRAINT; Schema: public; Owner: postgres
--

ALTER TABLE ONLY public.users_groups
    ADD CONSTRAINT users_groups_pkey PRIMARY KEY (id);


--
-- Name: users_groups users_groups_user_id_group_id_fc7788e8_uniq; Type: CONSTRAINT; Schema: public; Owner: postgres
--

ALTER TABLE ONLY public.users_groups
    ADD CONSTRAINT users_groups_user_id_group_id_fc7788e8_uniq UNIQUE (user_id, group_id);


--
-- Name: users users_pkey; Type: CONSTRAINT; Schema: public; Owner: postgres
--

ALTER TABLE ONLY public.users
    ADD CONSTRAINT users_pkey PRIMARY KEY (id);


--
-- Name: users_user_permissions users_user_permissions_pkey; Type: CONSTRAINT; Schema: public; Owner: postgres
--

ALTER TABLE ONLY public.users_user_permissions
    ADD CONSTRAINT users_user_permissions_pkey PRIMARY KEY (id);


--
-- Name: users_user_permissions users_user_permissions_user_id_permission_id_3b86cbdf_uniq; Type: CONSTRAINT; Schema: public; Owner: postgres
--

ALTER TABLE ONLY public.users_user_permissions
    ADD CONSTRAINT users_user_permissions_user_id_permission_id_3b86cbdf_uniq UNIQUE (user_id, permission_id);


--
-- Name: account_emailaddress_email_03be32b2_like; Type: INDEX; Schema: public; Owner: postgres
--

CREATE INDEX account_emailaddress_email_03be32b2_like ON public.account_emailaddress USING btree (email varchar_pattern_ops);


--
-- Name: account_emailaddress_user_id_2c513194; Type: INDEX; Schema: public; Owner: postgres
--

CREATE INDEX account_emailaddress_user_id_2c513194 ON public.account_emailaddress USING btree (user_id);


--
-- Name: account_emailconfirmation_email_address_id_5b7f8c58; Type: INDEX; Schema: public; Owner: postgres
--

CREATE INDEX account_emailconfirmation_email_address_id_5b7f8c58 ON public.account_emailconfirmation USING btree (email_address_id);


--
-- Name: account_emailconfirmation_key_f43612bd_like; Type: INDEX; Schema: public; Owner: postgres
--

CREATE INDEX account_emailconfirmation_key_f43612bd_like ON public.account_emailconfirmation USING btree (key varchar_pattern_ops);


--
-- Name: auth_group_name_a6ea08ec_like; Type: INDEX; Schema: public; Owner: postgres
--

CREATE INDEX auth_group_name_a6ea08ec_like ON public.auth_group USING btree (name varchar_pattern_ops);


--
-- Name: auth_group_permissions_group_id_b120cbf9; Type: INDEX; Schema: public; Owner: postgres
--

CREATE INDEX auth_group_permissions_group_id_b120cbf9 ON public.auth_group_permissions USING btree (group_id);


--
-- Name: auth_group_permissions_permission_id_84c5c92e; Type: INDEX; Schema: public; Owner: postgres
--

CREATE INDEX auth_group_permissions_permission_id_84c5c92e ON public.auth_group_permissions USING btree (permission_id);


--
-- Name: auth_permission_content_type_id_2f476e4b; Type: INDEX; Schema: public; Owner: postgres
--

CREATE INDEX auth_permission_content_type_id_2f476e4b ON public.auth_permission USING btree (content_type_id);


--
-- Name: django_admin_log_content_type_id_c4bce8eb; Type: INDEX; Schema: public; Owner: postgres
--

CREATE INDEX django_admin_log_content_type_id_c4bce8eb ON public.django_admin_log USING btree (content_type_id);


--
-- Name: django_admin_log_user_id_c564eba6; Type: INDEX; Schema: public; Owner: postgres
--

CREATE INDEX django_admin_log_user_id_c564eba6 ON public.django_admin_log USING btree (user_id);


--
-- Name: django_session_expire_date_a5c62663; Type: INDEX; Schema: public; Owner: postgres
--

CREATE INDEX django_session_expire_date_a5c62663 ON public.django_session USING btree (expire_date);


--
-- Name: django_session_session_key_c0390e0f_like; Type: INDEX; Schema: public; Owner: postgres
--

CREATE INDEX django_session_session_key_c0390e0f_like ON public.django_session USING btree (session_key varchar_pattern_ops);


--
-- Name: django_site_domain_a2e37b91_like; Type: INDEX; Schema: public; Owner: postgres
--

CREATE INDEX django_site_domain_a2e37b91_like ON public.django_site USING btree (domain varchar_pattern_ops);


--
-- Name: reservations_reservation_table_id_721a33d3; Type: INDEX; Schema: public; Owner: postgres
--

CREATE INDEX reservations_reservation_table_id_721a33d3 ON public.reservations_reservation USING btree (table_id);


--
-- Name: reservations_reservation_user_id_6ed5b1c9; Type: INDEX; Schema: public; Owner: postgres
--

CREATE INDEX reservations_reservation_user_id_6ed5b1c9 ON public.reservations_reservation USING btree (user_id);


--
-- Name: socialaccount_socialaccount_user_id_8146e70c; Type: INDEX; Schema: public; Owner: postgres
--

CREATE INDEX socialaccount_socialaccount_user_id_8146e70c ON public.socialaccount_socialaccount USING btree (user_id);


--
-- Name: socialaccount_socialapp_sites_site_id_2579dee5; Type: INDEX; Schema: public; Owner: postgres
--

CREATE INDEX socialaccount_socialapp_sites_site_id_2579dee5 ON public.socialaccount_socialapp_sites USING btree (site_id);


--
-- Name: socialaccount_socialapp_sites_socialapp_id_97fb6e7d; Type: INDEX; Schema: public; Owner: postgres
--

CREATE INDEX socialaccount_socialapp_sites_socialapp_id_97fb6e7d ON public.socialaccount_socialapp_sites USING btree (socialapp_id);


--
-- Name: socialaccount_socialtoken_account_id_951f210e; Type: INDEX; Schema: public; Owner: postgres
--

CREATE INDEX socialaccount_socialtoken_account_id_951f210e ON public.socialaccount_socialtoken USING btree (account_id);


--
-- Name: socialaccount_socialtoken_app_id_636a42d7; Type: INDEX; Schema: public; Owner: postgres
--

CREATE INDEX socialaccount_socialtoken_app_id_636a42d7 ON public.socialaccount_socialtoken USING btree (app_id);


--
-- Name: users_email_0ea73cca_like; Type: INDEX; Schema: public; Owner: postgres
--

CREATE INDEX users_email_0ea73cca_like ON public.users USING btree (email varchar_pattern_ops);


--
-- Name: users_groups_group_id_2f3517aa; Type: INDEX; Schema: public; Owner: postgres
--

CREATE INDEX users_groups_group_id_2f3517aa ON public.users_groups USING btree (group_id);


--
-- Name: users_groups_user_id_f500bee5; Type: INDEX; Schema: public; Owner: postgres
--

CREATE INDEX users_groups_user_id_f500bee5 ON public.users_groups USING btree (user_id);


--
-- Name: users_user_permissions_permission_id_6d08dcd2; Type: INDEX; Schema: public; Owner: postgres
--

CREATE INDEX users_user_permissions_permission_id_6d08dcd2 ON public.users_user_permissions USING btree (permission_id);


--
-- Name: users_user_permissions_user_id_92473840; Type: INDEX; Schema: public; Owner: postgres
--

CREATE INDEX users_user_permissions_user_id_92473840 ON public.users_user_permissions USING btree (user_id);


--
-- Name: account_emailaddress account_emailaddress_user_id_2c513194_fk_users_id; Type: FK CONSTRAINT; Schema: public; Owner: postgres
--

ALTER TABLE ONLY public.account_emailaddress
    ADD CONSTRAINT account_emailaddress_user_id_2c513194_fk_users_id FOREIGN KEY (user_id) REFERENCES public.users(id) DEFERRABLE INITIALLY DEFERRED;


--
-- Name: account_emailconfirmation account_emailconfirm_email_address_id_5b7f8c58_fk_account_e; Type: FK CONSTRAINT; Schema: public; Owner: postgres
--

ALTER TABLE ONLY public.account_emailconfirmation
    ADD CONSTRAINT account_emailconfirm_email_address_id_5b7f8c58_fk_account_e FOREIGN KEY (email_address_id) REFERENCES public.account_emailaddress(id) DEFERRABLE INITIALLY DEFERRED;


--
-- Name: auth_group_permissions auth_group_permissio_permission_id_84c5c92e_fk_auth_perm; Type: FK CONSTRAINT; Schema: public; Owner: postgres
--

ALTER TABLE ONLY public.auth_group_permissions
    ADD CONSTRAINT auth_group_permissio_permission_id_84c5c92e_fk_auth_perm FOREIGN KEY (permission_id) REFERENCES public.auth_permission(id) DEFERRABLE INITIALLY DEFERRED;


--
-- Name: auth_group_permissions auth_group_permissions_group_id_b120cbf9_fk_auth_group_id; Type: FK CONSTRAINT; Schema: public; Owner: postgres
--

ALTER TABLE ONLY public.auth_group_permissions
    ADD CONSTRAINT auth_group_permissions_group_id_b120cbf9_fk_auth_group_id FOREIGN KEY (group_id) REFERENCES public.auth_group(id) DEFERRABLE INITIALLY DEFERRED;


--
-- Name: auth_permission auth_permission_content_type_id_2f476e4b_fk_django_co; Type: FK CONSTRAINT; Schema: public; Owner: postgres
--

ALTER TABLE ONLY public.auth_permission
    ADD CONSTRAINT auth_permission_content_type_id_2f476e4b_fk_django_co FOREIGN KEY (content_type_id) REFERENCES public.django_content_type(id) DEFERRABLE INITIALLY DEFERRED;


--
-- Name: django_admin_log django_admin_log_content_type_id_c4bce8eb_fk_django_co; Type: FK CONSTRAINT; Schema: public; Owner: postgres
--

ALTER TABLE ONLY public.django_admin_log
    ADD CONSTRAINT django_admin_log_content_type_id_c4bce8eb_fk_django_co FOREIGN KEY (content_type_id) REFERENCES public.django_content_type(id) DEFERRABLE INITIALLY DEFERRED;


--
-- Name: django_admin_log django_admin_log_user_id_c564eba6_fk_users_id; Type: FK CONSTRAINT; Schema: public; Owner: postgres
--

ALTER TABLE ONLY public.django_admin_log
    ADD CONSTRAINT django_admin_log_user_id_c564eba6_fk_users_id FOREIGN KEY (user_id) REFERENCES public.users(id) DEFERRABLE INITIALLY DEFERRED;


--
-- Name: reservations_reservation reservations_reservation_table_id_721a33d3_fk_tables_table_id; Type: FK CONSTRAINT; Schema: public; Owner: postgres
--

ALTER TABLE ONLY public.reservations_reservation
    ADD CONSTRAINT reservations_reservation_table_id_721a33d3_fk_tables_table_id FOREIGN KEY (table_id) REFERENCES public.tables_table(id) DEFERRABLE INITIALLY DEFERRED;


--
-- Name: reservations_reservation reservations_reservation_user_id_6ed5b1c9_fk_users_id; Type: FK CONSTRAINT; Schema: public; Owner: postgres
--

ALTER TABLE ONLY public.reservations_reservation
    ADD CONSTRAINT reservations_reservation_user_id_6ed5b1c9_fk_users_id FOREIGN KEY (user_id) REFERENCES public.users(id) DEFERRABLE INITIALLY DEFERRED;


--
-- Name: socialaccount_socialtoken socialaccount_social_account_id_951f210e_fk_socialacc; Type: FK CONSTRAINT; Schema: public; Owner: postgres
--

ALTER TABLE ONLY public.socialaccount_socialtoken
    ADD CONSTRAINT socialaccount_social_account_id_951f210e_fk_socialacc FOREIGN KEY (account_id) REFERENCES public.socialaccount_socialaccount(id) DEFERRABLE INITIALLY DEFERRED;


--
-- Name: socialaccount_socialtoken socialaccount_social_app_id_636a42d7_fk_socialacc; Type: FK CONSTRAINT; Schema: public; Owner: postgres
--

ALTER TABLE ONLY public.socialaccount_socialtoken
    ADD CONSTRAINT socialaccount_social_app_id_636a42d7_fk_socialacc FOREIGN KEY (app_id) REFERENCES public.socialaccount_socialapp(id) DEFERRABLE INITIALLY DEFERRED;


--
-- Name: socialaccount_socialapp_sites socialaccount_social_site_id_2579dee5_fk_django_si; Type: FK CONSTRAINT; Schema: public; Owner: postgres
--

ALTER TABLE ONLY public.socialaccount_socialapp_sites
    ADD CONSTRAINT socialaccount_social_site_id_2579dee5_fk_django_si FOREIGN KEY (site_id) REFERENCES public.django_site(id) DEFERRABLE INITIALLY DEFERRED;


--
-- Name: socialaccount_socialapp_sites socialaccount_social_socialapp_id_97fb6e7d_fk_socialacc; Type: FK CONSTRAINT; Schema: public; Owner: postgres
--

ALTER TABLE ONLY public.socialaccount_socialapp_sites
    ADD CONSTRAINT socialaccount_social_socialapp_id_97fb6e7d_fk_socialacc FOREIGN KEY (socialapp_id) REFERENCES public.socialaccount_socialapp(id) DEFERRABLE INITIALLY DEFERRED;


--
-- Name: socialaccount_socialaccount socialaccount_socialaccount_user_id_8146e70c_fk_users_id; Type: FK CONSTRAINT; Schema: public; Owner: postgres
--

ALTER TABLE ONLY public.socialaccount_socialaccount
    ADD CONSTRAINT socialaccount_socialaccount_user_id_8146e70c_fk_users_id FOREIGN KEY (user_id) REFERENCES public.users(id) DEFERRABLE INITIALLY DEFERRED;


--
-- Name: users_groups users_groups_group_id_2f3517aa_fk_auth_group_id; Type: FK CONSTRAINT; Schema: public; Owner: postgres
--

ALTER TABLE ONLY public.users_groups
    ADD CONSTRAINT users_groups_group_id_2f3517aa_fk_auth_group_id FOREIGN KEY (group_id) REFERENCES public.auth_group(id) DEFERRABLE INITIALLY DEFERRED;


--
-- Name: users_groups users_groups_user_id_f500bee5_fk_users_id; Type: FK CONSTRAINT; Schema: public; Owner: postgres
--

ALTER TABLE ONLY public.users_groups
    ADD CONSTRAINT users_groups_user_id_f500bee5_fk_users_id FOREIGN KEY (user_id) REFERENCES public.users(id) DEFERRABLE INITIALLY DEFERRED;


--
-- Name: users_user_permissions users_user_permissio_permission_id_6d08dcd2_fk_auth_perm; Type: FK CONSTRAINT; Schema: public; Owner: postgres
--

ALTER TABLE ONLY public.users_user_permissions
    ADD CONSTRAINT users_user_permissio_permission_id_6d08dcd2_fk_auth_perm FOREIGN KEY (permission_id) REFERENCES public.auth_permission(id) DEFERRABLE INITIALLY DEFERRED;


--
-- Name: users_user_permissions users_user_permissions_user_id_92473840_fk_users_id; Type: FK CONSTRAINT; Schema: public; Owner: postgres
--

ALTER TABLE ONLY public.users_user_permissions
    ADD CONSTRAINT users_user_permissions_user_id_92473840_fk_users_id FOREIGN KEY (user_id) REFERENCES public.users(id) DEFERRABLE INITIALLY DEFERRED;


--
-- PostgreSQL database dump complete
--

